-- ========================================
-- 外卖系统测试数据SQL脚本
-- 包含：user, address_book, orders, order_detail 四个表的关联数据
-- 生成至少10条完整业务数据
-- ========================================

-- 1. 插入用户数据 (10个用户)
INSERT INTO user (id, openid, name, phone, sex, id_number, avatar, create_time) VALUES
(1, 'openid_001', '张三', '13800138001', '1', '110101199001011234', NULL, '2026-04-15 10:30:00'),
(2, 'openid_002', '李四', '13800138002', '0', '110101199002021234', NULL, '2026-04-16 11:20:00'),
(3, 'openid_003', '王五', '13800138003', '1', '110101199003031234', NULL, '2026-04-17 09:15:00'),
(4, 'openid_004', '赵六', '13800138004', '0', '110101199004041234', NULL, '2026-04-18 14:45:00'),
(5, 'openid_005', '孙七', '13800138005', '1', '110101199005051234', NULL, '2026-04-19 16:30:00'),
(6, 'openid_006', '周八', '13800138006', '0', '110101199006061234', NULL, '2026-04-20 08:00:00'),
(7, 'openid_007', '吴九', '13800138007', '1', '110101199007071234', NULL, '2026-04-21 12:10:00'),
(8, 'openid_008', '郑十', '13800138008', '0', '110101199008081234', NULL, '2026-04-22 15:25:00'),
(9, 'openid_009', '陈十一', '13800138009', '1', '110101199009091234', NULL, '2026-04-23 17:40:00'),
(10, 'openid_010', '刘十二', '13800138010', '0', '110101199010101234', NULL, '2026-04-24 19:55:00');

-- 2. 插入地址簿数据 (每个用户1-2个地址，共15个地址)
INSERT INTO address_book (id, user_id, consignee, phone, sex, province_code, province_name, city_code, city_name, district_code, district_name, detail, label, is_default) VALUES
(1, 1, '张三', '13800138001', '1', '110000', '北京市', '110100', '北京市', '110101', '东城区', '长安街1号', '家', 1),
(2, 1, '张三', '13800138001', '1', '110000', '北京市', '110100', '北京市', '110102', '西城区', '金融街10号', '公司', 0),
(3, 2, '李四', '13800138002', '0', '310000', '上海市', '310100', '上海市', '310101', '黄浦区', '南京路100号', '家', 1),
(4, 3, '王五', '13800138003', '1', '440000', '广东省', '440300', '深圳市', '440303', '罗湖区', '深南东路5001号', '家', 1),
(5, 3, '王五', '13800138003', '1', '440000', '广东省', '440300', '深圳市', '440304', '福田区', '福华路200号', '公司', 0),
(6, 4, '赵六', '13800138004', '0', '330000', '浙江省', '330100', '杭州市', '330102', '上城区', '解放路50号', '家', 1),
(7, 5, '孙七', '13800138005', '1', '320000', '江苏省', '320100', '南京市', '320102', '玄武区', '中山路300号', '家', 1),
(8, 6, '周八', '13800138006', '0', '510000', '四川省', '510100', '成都市', '510104', '锦江区', '春熙路100号', '家', 1),
(9, 6, '周八', '13800138006', '0', '510000', '四川省', '510100', '成都市', '510105', '青羊区', '人民公园附近', '朋友家', 0),
(10, 7, '吴九', '13800138007', '1', '420000', '湖北省', '420100', '武汉市', '420102', '江岸区', '解放大道1000号', '家', 1),
(11, 8, '郑十', '13800138008', '0', '610000', '陕西省', '610100', '西安市', '610102', '新城区', '东大街500号', '家', 1),
(12, 9, '陈十一', '13800138009', '1', '370000', '山东省', '370100', '济南市', '370102', '历下区', '泉城路200号', '家', 1),
(13, 10, '刘十二', '13800138010', '0', '410000', '河南省', '410100', '郑州市', '410102', '中原区', '建设路100号', '家', 1),
(14, 10, '刘十二', '13800138010', '0', '410000', '河南省', '410100', '郑州市', '410105', '金水区', '花园路300号', '公司', 0),
(15, 2, '李四', '13800138002', '0', '310000', '上海市', '310100', '上海市', '310104', '徐汇区', '漕溪北路500号', '公司', 0);

-- 3. 插入订单数据 (12个订单，覆盖不同状态和异常情况)
-- 说明：当前时间为 2026-05-13，以下订单设计用于测试各种异常场景
INSERT INTO orders (id, number, status, user_id, address_book_id, order_time, checkout_time, pay_method, pay_status, amount, remark, user_name, phone, address, consignee, cancel_reason, rejection_reason, cancel_time, estimated_delivery_time, delivery_status, delivery_time, pack_amount, tableware_number, tableware_status) VALUES
-- 正常完成的订单（最近几天）
(1, 'ORD202605100001', 5, 1, 1, '2026-05-10 11:30:00', '2026-05-10 11:35:00', 1, 1, 45.50, '不要辣', '张三', '13800138001', '北京市东城区长安街1号', '张三', NULL, NULL, NULL, '2026-05-10 12:30:00', 1, '2026-05-10 12:15:00', 2, 2, 1),
(2, 'ORD202605110002', 5, 2, 3, '2026-05-11 12:00:00', '2026-05-11 12:05:00', 2, 1, 68.00, '多放醋', '李四', '13800138002', '上海市黄浦区南京路100号', '李四', NULL, NULL, NULL, '2026-05-11 13:00:00', 1, '2026-05-11 12:50:00', 3, 3, 1),
(3, 'ORD202605120003', 5, 3, 4, '2026-05-12 10:20:00', '2026-05-12 10:25:00', 1, 1, 52.80, '尽快送达', '王五', '13800138003', '广东省深圳市罗湖区深南东路5001号', '王五', NULL, NULL, NULL, '2026-05-12 11:20:00', 1, '2026-05-12 11:10:00', 2, 2, 1),

-- 【异常订单】待接单超时订单（超过2小时未接单）- 5月13日早上下的单
(4, 'ORD202605130004', 2, 4, 6, '2026-05-13 08:00:00', '2026-05-13 08:05:00', 1, 1, 35.00, '等待接单', '赵六', '13800138004', '浙江省杭州市上城区解放路50号', '赵六', NULL, NULL, NULL, '2026-05-13 09:00:00', 0, NULL, 1, 1, 1),

-- 正常进行中的订单
(5, 'ORD202605130005', 3, 5, 7, '2026-05-13 09:00:00', '2026-05-13 09:05:00', 1, 1, 89.90, '备注：少盐', '孙七', '13800138005', '江苏省南京市玄武区中山路300号', '孙七', NULL, NULL, NULL, '2026-05-13 10:00:00', 1, NULL, 4, 4, 1),

-- 【异常订单】派送中超时订单（超过预计送达时间仍未送达）
(6, 'ORD202605130006', 4, 6, 8, '2026-05-13 07:00:00', '2026-05-13 07:05:00', 2, 1, 42.50, '准时送达', '周八', '13800138006', '四川省成都市锦江区春熙路100号', '周八', NULL, NULL, NULL, '2026-05-13 08:00:00', 1, NULL, 2, 2, 1),

-- 今天刚下的正常订单
(7, 'ORD202605130007', 2, 7, 10, '2026-05-13 10:30:00', '2026-05-13 10:35:00', 1, 1, 76.20, '加急', '吴九', '13800138007', '湖北省武汉市江岸区解放大道1000号', '吴九', NULL, NULL, NULL, '2026-05-13 11:30:00', 0, NULL, 3, 3, 1),

-- 【异常订单】待付款超时订单（下单超过15分钟未支付）
(8, 'ORD202605130008', 1, 8, 11, '2026-05-13 09:30:00', NULL, 1, 0, 55.00, '待付款', '郑十', '13800138008', '陕西省西安市新城区东大街500号', '郑十', NULL, NULL, NULL, '2026-05-13 10:30:00', 0, NULL, 2, 2, 1),

-- 昨天已完成订单
(9, 'ORD202605120009', 5, 9, 12, '2026-05-12 18:00:00', '2026-05-12 18:05:00', 2, 1, 63.50, '微辣', '陈十一', '13800138009', '山东省济南市历下区泉城路200号', '陈十一', NULL, NULL, NULL, '2026-05-12 19:00:00', 1, '2026-05-12 18:50:00', 3, 3, 1),

-- 【异常订单】已取消订单
(10, 'ORD202605120010', 6, 10, 13, '2026-05-12 15:00:00', NULL, 1, 0, 48.00, '取消订单', '刘十二', '13800138010', '河南省郑州市中原区建设路100号', '刘十二', '客户取消', NULL, '2026-05-12 15:10:00', NULL, 0, NULL, 2, 2, 1),

-- 前天完成订单
(11, 'ORD202605110011', 5, 1, 2, '2026-05-11 18:30:00', '2026-05-11 18:35:00', 2, 1, 92.30, '送到公司', '张三', '13800138001', '北京市西城区金融街10号', '张三', NULL, NULL, NULL, '2026-05-11 19:30:00', 1, '2026-05-11 19:15:00', 4, 4, 1),

-- 【异常订单】另一个待接单超时订单
(12, 'ORD202605130012', 2, 3, 5, '2026-05-13 07:30:00', '2026-05-13 07:35:00', 1, 1, 58.60, '等待接单', '王五', '13800138003', '广东省深圳市福田区福华路200号', '王五', NULL, NULL, NULL, '2026-05-13 08:30:00', 0, NULL, 2, 2, 1);

-- 4. 插入订单明细数据 (每个订单2-3个明细项)
-- 订单1的明细
INSERT INTO order_detail (id, name, order_id, dish_id, setmeal_id, dish_flavor, number, amount, image) VALUES
(1, '宫保鸡丁', 1, 101, NULL, '微辣', 1, 28.00, 'https://example.com/dish101.jpg'),
(2, '米饭', 1, 201, NULL, '', 2, 4.00, 'https://example.com/dish201.jpg'),
(3, '酸辣汤', 1, 301, NULL, '', 1, 13.50, 'https://example.com/dish301.jpg');

-- 订单2的明细
INSERT INTO order_detail (id, name, order_id, dish_id, setmeal_id, dish_flavor, number, amount, image) VALUES
(4, '鱼香肉丝', 2, 102, NULL, '不辣', 1, 32.00, 'https://example.com/dish102.jpg'),
(5, '麻婆豆腐', 2, 103, NULL, '中辣', 1, 22.00, 'https://example.com/dish103.jpg'),
(6, '米饭', 2, 201, NULL, '', 3, 6.00, 'https://example.com/dish201.jpg'),
(7, '可乐', 2, 401, NULL, '', 2, 8.00, 'https://example.com/dish401.jpg');

-- 订单3的明细
INSERT INTO order_detail (id, name, order_id, dish_id, setmeal_id, dish_flavor, number, amount, image) VALUES
(8, '红烧肉', 3, 104, NULL, '', 1, 38.00, 'https://example.com/dish104.jpg'),
(9, '青菜', 3, 105, NULL, '', 1, 12.80, 'https://example.com/dish105.jpg'),
(10, '米饭', 3, 201, NULL, '', 1, 2.00, 'https://example.com/dish201.jpg');

-- 订单4的明细
INSERT INTO order_detail (id, name, order_id, dish_id, setmeal_id, dish_flavor, number, amount, image) VALUES
(11, '番茄炒蛋', 4, 106, NULL, '', 1, 18.00, 'https://example.com/dish106.jpg'),
(12, '米饭', 4, 201, NULL, '', 2, 4.00, 'https://example.com/dish201.jpg'),
(13, '紫菜汤', 4, 302, NULL, '', 1, 13.00, 'https://example.com/dish302.jpg');

-- 订单5的明细
INSERT INTO order_detail (id, name, order_id, dish_id, setmeal_id, dish_flavor, number, amount, image) VALUES
(14, '水煮鱼', 5, 107, NULL, '特辣', 1, 58.00, 'https://example.com/dish107.jpg'),
(15, '凉拌黄瓜', 5, 108, NULL, '', 1, 15.90, 'https://example.com/dish108.jpg'),
(16, '米饭', 5, 201, NULL, '', 3, 6.00, 'https://example.com/dish201.jpg'),
(17, '雪碧', 5, 402, NULL, '', 2, 10.00, 'https://example.com/dish402.jpg');

-- 订单6的明细
INSERT INTO order_detail (id, name, order_id, dish_id, setmeal_id, dish_flavor, number, amount, image) VALUES
(18, '回锅肉', 6, 109, NULL, '微辣', 1, 30.00, 'https://example.com/dish109.jpg'),
(19, '土豆丝', 6, 110, NULL, '', 1, 10.50, 'https://example.com/dish110.jpg'),
(20, '米饭', 6, 201, NULL, '', 1, 2.00, 'https://example.com/dish201.jpg');

-- 订单7的明细
INSERT INTO order_detail (id, name, order_id, dish_id, setmeal_id, dish_flavor, number, amount, image) VALUES
(21, '北京烤鸭', 7, 111, NULL, '', 1, 68.00, 'https://example.com/dish111.jpg'),
(22, '葱爆羊肉', 7, 112, NULL, '', 1, 45.00, 'https://example.com/dish112.jpg'),
(23, '米饭', 7, 201, NULL, '', 2, 4.00, 'https://example.com/dish201.jpg');

-- 订单8的明细
INSERT INTO order_detail (id, name, order_id, dish_id, setmeal_id, dish_flavor, number, amount, image) VALUES
(24, '糖醋里脊', 8, 113, NULL, '', 1, 35.00, 'https://example.com/dish113.jpg'),
(25, '地三鲜', 8, 114, NULL, '', 1, 18.00, 'https://example.com/dish114.jpg'),
(26, '米饭', 8, 201, NULL, '', 1, 2.00, 'https://example.com/dish201.jpg');

-- 订单9的明细
INSERT INTO order_detail (id, name, order_id, dish_id, setmeal_id, dish_flavor, number, amount, image) VALUES
(27, '麻辣香锅', 9, 115, NULL, '中辣', 1, 48.00, 'https://example.com/dish115.jpg'),
(28, '酸梅汤', 9, 303, NULL, '', 2, 15.50, 'https://example.com/dish303.jpg');

-- 订单10的明细
INSERT INTO order_detail (id, name, order_id, dish_id, setmeal_id, dish_flavor, number, amount, image) VALUES
(29, '黄焖鸡', 10, 116, NULL, '', 1, 32.00, 'https://example.com/dish116.jpg'),
(30, '米饭', 10, 201, NULL, '', 2, 4.00, 'https://example.com/dish201.jpg'),
(31, '饮料', 10, 403, NULL, '', 1, 12.00, 'https://example.com/dish403.jpg');

-- 订单11的明细
INSERT INTO order_detail (id, name, order_id, dish_id, setmeal_id, dish_flavor, number, amount, image) VALUES
(32, '东坡肉', 11, 117, NULL, '', 1, 42.00, 'https://example.com/dish117.jpg'),
(33, '西湖牛肉羹', 11, 304, NULL, '', 1, 25.30, 'https://example.com/dish304.jpg'),
(34, '米饭', 11, 201, NULL, '', 3, 6.00, 'https://example.com/dish201.jpg'),
(35, '果汁', 11, 404, NULL, '', 2, 19.00, 'https://example.com/dish404.jpg');

-- 订单12的明细
INSERT INTO order_detail (id, name, order_id, dish_id, setmeal_id, dish_flavor, number, amount, image) VALUES
(36, '小笼包套餐', 12, NULL, 501, '', 2, 48.00, 'https://example.com/setmeal501.jpg'),
(37, '豆浆', 12, 405, NULL, '', 2, 10.60, 'https://example.com/dish405.jpg');

-- ========================================
-- 数据说明：
-- 1. 用户表(user): 10条记录
-- 2. 地址簿(address_book): 15条记录，每个用户1-2个地址
-- 3. 订单表(orders): 12条记录，包含不同状态和异常情况（基于当前时间 2026-05-13）：
--
--    【正常订单】
--    - 状态5(已完成): 订单1,2,3,9,11 - 最近几天正常完成的订单
--    - 状态3(已接单): 订单5 - 今天正常进行中的订单
--    - 状态2(待接单): 订单7 - 今天刚下单不久，未超时
--
--    【异常订单 - 可用于测试订单异常查询】
--    - 状态2(待接单超时): 订单4,12 - 5月13日早上8点前下单，超过2小时未接单
--    - 状态4(派送中超时): 订单6 - 预计8点送达，现在已超过预计时间
--    - 状态1(待付款超时): 订单8 - 9:30下单，超过15分钟未支付
--    - 状态6(已取消): 订单10 - 正常取消的订单
--
-- 4. 订单明细(order_detail): 37条记录，每个订单2-4个明细项
-- 
-- 关联关系：
-- - order.user_id -> user.id
-- - order.address_book_id -> address_book.id
-- - order_detail.order_id -> orders.id
-- - address_book.user_id -> user.id
--
-- 测试场景建议：
-- 1. 查询"超时未接单"订单：应返回订单4、12（下单超过2小时仍为待接单状态）
-- 2. 查询"超时未送达"订单：应返回订单6（派送中且超过预计送达时间）
-- 3. 查询"超时未支付"订单：应返回订单8（下单超过15分钟未支付）
-- ========================================
